﻿[
  {
    "titulo": "Superficie",
    "Indicador": "SUPERFICIE",
    "time": "YEARLY",
    "geo": "MUNICIPAL",
    "acumular": "..",
    "derivado": "NO",
    "espacial": "SI",
    "opespacial": "SI",
    "categoria": "011"
  },
  {
    "titulo": "Población",
    "Indicador": "POBLACION",
    "time": "YEARLY",
    "geo": "MUNICIPAL",
    "acumular": "..",
    "derivado": "NO",
    "espacial": "SI",
    "opespacial": "SI",
    "categoria": "021"
  },
  {
    "titulo": "Población. Hombres",
    "Indicador": "POBLACION_HOMBRES",
    "time": "YEARLY",
    "geo": "MUNICIPAL",
    "acumular": "..",
    "derivado": "NO",
    "espacial": "SI",
    "opespacial": "SI",
    "categoria": "021"
  },
  {
    "titulo": "Población. Mujeres",
    "Indicador": "POBLACION_MUJERES",
    "time": "YEARLY",
    "geo": "MUNICIPAL",
    "acumular": "..",
    "derivado": "NO",
    "espacial": "SI",
    "opespacial": "SI",
    "categoria": "021"
  },
  {
    "titulo": "Población. De 0 a 14 años",
    "Indicador": "POBLACION_00A14",
    "time": "YEARLY",
    "geo": "MUNICIPAL",
    "acumular": "..",
    "derivado": "NO",
    "espacial": "SI",
    "opespacial": "SI",
    "categoria": "021"
  },
  {
    "titulo": "Población. De 15 a 64 años",
    "Indicador": "POBLACION_15A64",
    "time": "YEARLY",
    "geo": "MUNICIPAL",
    "acumular": "..",
    "derivado": "NO",
    "espacial": "SI",
    "opespacial": "SI",
    "categoria": "021"
  },
  {
    "titulo": "Población. De 65 o más años",
    "Indicador": "POBLACION_65MAS",
    "time": "YEARLY",
    "geo": "MUNICIPAL",
    "acumular": "..",
    "espacial": "SI",
    "opespacial": "SI",
    "categoria": "021"
  },
  {
    "titulo": "Población. Hombres de 0 a 14 años",
    "Indicador": "POBLACION_HOMBRES_00A14",
    "time": "YEARLY",
    "geo": "MUNICIPAL",
    "acumular": "..",
    "derivado": "NO",
    "espacial": "SI",
    "opespacial": "SI",
    "categoria": "021"
  },
  {
    "titulo": "Población. Hombres de 15 a 64 años",
    "Indicador": "POBLACION_HOMBRES_15A64",
    "time": "YEARLY",
    "geo": "MUNICIPAL",
    "acumular": "..",
    "derivado": "NO",
    "espacial": "SI",
    "opespacial": "SI",
    "categoria": "021"
  },
  {
    "titulo": "Población. Hombres de 65 o más años",
    "Indicador": "POBLACION_HOMBRES_65MAS",
    "time": "YEARLY",
    "geo": "MUNICIPAL",
    "acumular": "..",
    "derivado": "NO",
    "espacial": "SI",
    "opespacial": "SI",
    "categoria": "021"
  },
  {
    "titulo": "Población. Mujeres de 0 a 14 años",
    "Indicador": "POBLACION_MUJERES_00A14",
    "time": "YEARLY",
    "geo": "MUNICIPAL",
    "acumular": "..",
    "derivado": "NO",
    "espacial": "SI",
    "opespacial": "SI",
    "categoria": "021"
  },
  {
    "titulo": "Población. Mujeres de 15 a 64 años",
    "Indicador": "POBLACION_MUJERES_15A64",
    "time": "YEARLY",
    "geo": "MUNICIPAL",
    "acumular": "..",
    "derivado": "NO",
    "espacial": "SI",
    "opespacial": "SI",
    "categoria": "021"
  },
  {
    "titulo": "Población. Mujeres de 65 o más años",
    "Indicador": "POBLACION_MUJERES_65MAS",
    "time": "YEARLY",
    "geo": "MUNICIPAL",
    "acumular": "..",
    "derivado": "NO",
    "espacial": "SI",
    "opespacial": "SI",
    "categoria": "021"
  },
  {
    "titulo": "Cabezas de ganado. Bovino",
    "Indicador": "GANADO_BOVINO",
    "time": "YEARLY",
    "geo": "MUNICIPAL",
    "acumular": "..",
    "derivado": "NO",
    "espacial": "SI",
    "opespacial": "SI",
    "categoria": "061"
  },
  {
    "titulo": "Cabezas de ganado. Ovino",
    "Indicador": "GANADO_OVINO",
    "time": "YEARLY",
    "geo": "MUNICIPAL",
    "acumular": "..",
    "derivado": "NO",
    "espacial": "SI",
    "opespacial": "SI",
    "categoria": "061"
  },
  {
    "titulo": "Cabezas de ganado. Caprino",
    "Indicador": "GANADO_CAPRINO",
    "time": "YEARLY",
    "geo": "MUNICIPAL",
    "acumular": "..",
    "derivado": "NO",
    "espacial": "SI",
    "opespacial": "SI",
    "categoria": "061"
  },
  {
    "titulo": "Cabezas de ganado. Porcino",
    "Indicador": "GANADO_PORCINO",
    "time": "YEARLY",
    "geo": "MUNICIPAL",
    "acumular": "..",
    "derivado": "NO",
    "espacial": "SI",
    "opespacial": "SI",
    "categoria": "061"
  },
  {
    "titulo": "Energía eléctrica disponible",
    "Indicador": "ENERGIA_ELECTRICA_DISPONIBLE",
    "time": "..",
    "geo": "..",
    "acumular": "..",
    "derivado": "NO",
    "espacial": "NO",
    "categoria": "071"
  },
  {
    "titulo": "Alojamientos turísticos abiertos",
    "Indicador": "ALOJATUR_ABIERTOS",
    "time": "MONTHLY",
    "geo": "MUNICIPAL",
    "acumular": "SI",
    "derivado": "NO",
    "espacial": "SI",
    "opespacial": "SI",
    "categoria": "082"
  },
  {
    "titulo": "Plazas ofertadas por alojamientos turísticos",
    "Indicador": "ALOJATUR_PLAZAS_OFERTADAS",
    "time": "MONTHLY",
    "geo": "MUNICIPAL",
    "acumular": "SI",
    "derivado": "NO",
    "espacial": "SI",
    "opespacial": "SI",
    "categoria": "082"
  },
  {
    "titulo": "Índice censal de ocupación por plazas",
    "Indicador": "ALOJATUR_PLAZAS_OCUPACION",
    "time": "MONTHLY",
    "geo": "MUNICIPAL",
    "acumular": "SI",
    "derivado": "NO",
    "espacial": "SI",
    "opespacial": "NO",
    "categoria": "082"
  },
  {
    "titulo": "Viajeros entrados en alojamientos turísticos",
    "Indicador": "ALOJATUR_VIAJEROS_ENTRADOS",
    "time": "MONTHLY",
    "geo": "MUNICIPAL",
    "acumular": "SI",
    "derivado": "NO",
    "espacial": "SI",
    "opespacial": "SI",
    "categoria": "082"
  },
  {
    "titulo": "Pernoctaciones en alojamientos turísticos",
    "Indicador": "ALOJATUR_PERNOCTACIONES",
    "time": "MONTHLY",
    "geo": "MUNICIPAL",
    "acumular": "SI",
    "derivado": "NO",
    "espacial": "SI",
    "opespacial": "SI",
    "categoria": "082"
  },
  {
    "titulo": "Población turística equivalente en alojamientos turísticos",
    "Indicador": "ALOJATUR_POBLACION_TUR_ETC",
    "time": "YEARLY",
    "geo": "MUNICIPAL",
    "acumular": "..",
    "derivado": "NO",
    "espacial": "SI",
    "opespacial": "SI",
    "categoria": "082"
  },
  {
    "titulo": "Parque de vehículos",
    "Indicador": "PARQUE_VEHICULOS",
    "time": "MONTHLY",
    "geo": "MUNICIPAL",
    "acumular": "SI",
    "derivado": "NO",
    "espacial": "SI",
    "opespacial": "SI",
    "categoria": "083"
  },
  {
    "titulo": "Parque de vehículos. Turismos",
    "Indicador": "PARQUE_VEHICULOS_TURISMOS",
    "time": "MONTHLY",
    "geo": "MUNICIPAL",
    "acumular": "SI",
    "derivado": "NO",
    "espacial": "SI",
    "opespacial": "SI",
    "categoria": "083"
  },
  {
    "titulo": "Densidad de población",
    "Indicador": "POBLACION",
    "time": "YEARLY",
    "geo": "MUNICIPAL",
    "acumular": "..",
    "derivado": "SI",
    "calculo": "POBLACION/SUPERFICIE",
    "espacial": "SI",
    "opespacial": "NO",
    "categoria": "021"
  },
  {
    "titulo": "Densidad de población más población turística",
    "Indicador": "POBLACION",
    "time": "YEARLY",
    "geo": "MUNICIPAL",
    "acumular": "..",
    "derivado": "SI",
    "calculo": "(POBLACION+ALOJATUR_PLAZAS_OCUPACION)/SUPERFICIE",
    "espacial": "SI",
    "opespacial": "NO",
    "categoria": "021"
  },
  {
    "titulo": "Razón Masculinidad",
    "Indicador": "POBLACION_HOMBRES",
    "time": "YEARLY",
    "geo": "MUNICIPAL",
    "acumular": "..",
    "derivado": "SI",
    "calculo": "POBLACION_HOMBRES/POBLACION_MUJERES*100",
    "espacial": "SI",
    "opespacial": "NO",
    "categoria": "021"
  },
  {
    "titulo": "Porcentaje de Jóvenes",
    "Indicador": "POBLACION_HOMBRES",
    "time": "YEARLY",
    "geo": "MUNICIPAL",
    "acumular": "..",
    "derivado": "SI",
    "calculo": "POBLACION_00A14/POBLACION*100",
    "espacial": "SI",
    "opespacial": "NO",
    "categoria": "021"
  },
  {
    "titulo": "Porcentaje de adultos",
    "Indicador": "POBLACION_HOMBRES",
    "time": "YEARLY",
    "geo": "MUNICIPAL",
    "acumular": "..",
    "derivado": "SI",
    "calculo": "POBLACION_15A64/POBLACION*100",
    "espacial": "SI",
    "opespacial": "NO",
    "categoria": "021"
  },
  {
    "titulo": "Indice de envejecimiento",
    "Indicador": "POBLACION_HOMBRES",
    "time": "YEARLY",
    "geo": "MUNICIPAL",
    "acumular": "..",
    "derivado": "SI",
    "calculo": "POBLACION_65MAS/POBLACION*100",
    "espacial": "SI",
    "opespacial": "NO",
    "categoria": "021"
  },
  {
    "titulo": "Indice de juventud",
    "Indicador": "POBLACION_00A14",
    "time": "YEARLY",
    "geo": "MUNICIPAL",
    "acumular": "..",
    "derivado": "SI",
    "calculo": "POBLACION_00A14/POBLACION_65MAS*100",
    "espacial": "SI",
    "opespacial": "NO",
    "categoria": "021"
  },
  {
    "titulo": "Indice de vejez",
    "Indicador": "POBLACION_65MAS",
    "time": "YEARLY",
    "geo": "MUNICIPAL",
    "acumular": "..",
    "derivado": "SI",
    "calculo": "POBLACION_65MAS/POBLACION_00A14*100",
    "espacial": "SI",
    "opespacial": "NO",
    "categoria": "021"
  },
  {
    "titulo": "Indice de dependencia",
    "Indicador": "POBLACION_00A14",
    "time": "YEARLY",
    "geo": "MUNICIPAL",
    "acumular": "..",
    "derivado": "SI",
    "calculo": "(POBLACION_00A14+POBLACION_65MAS)/POBLACION_15A64*100",
    "espacial": "SI",
    "opespacial": "NO",
    "categoria": "021"
  },
  {
    "titulo": "Indice de dependencia de vejez",
    "Indicador": "POBLACION_65MAS",
    "time": "YEARLY",
    "geo": "MUNICIPAL",
    "acumular": "..",
    "derivado": "SI",
    "calculo": "POBLACION_65MAS/POBLACION_15A64*100",
    "espacial": "SI",
    "opespacial": "NO",
    "categoria": "021"
  },
  {
    "titulo": "Concentración de ganado por superficie",
    "Indicador": "GANADO_OVINO",
    "time": "YEARLY",
    "geo": "MUNICIPAL",
    "acumular": "..",
    "derivado": "SI",
    "calculo": "(GANADO_OVINO+GANADO_BOVINO+GANADO_CAPRINO+GANADO_PORCINO)/SUPERFICIE",
    "espacial": "NO",
    "categoria": "061"
  },
  {
    "titulo": "Plazas ofertadas por alojamientos turisticos por superficie",
    "Indicador": "ALOJATUR_PLAZAS_OFERTADAS",
    "time": "YEARLY",
    "geo": "MUNICIPAL",
    "acumular": "..",
    "derivado": "SI",
    "calculo": "ALOJATUR_PLAZAS_OFERTADAS/SUPERFICIE",
    "espacial": "NO",
    "categoria": "082"
  },
  {
    "titulo": "Plazas ofertadas por alojamientos turisticos por cada 1000 habitantes",
    "Indicador": "ALOJATUR_PLAZAS_OFERTADAS",
    "time": "YEARLY",
    "geo": "MUNICIPAL",
    "acumular": "..",
    "derivado": "SI",
    "calculo": "ALOJATUR_PLAZAS_OFERTADAS/POBLACION*1000",
    "espacial": "NO",
    "categoria": "082"
  },
  {
    "titulo": "Población turística equivalente en alojamientos turísticos por cada 1000 habitantes",
    "Indicador": "ALOJATUR_POBLACION_TUR_ETC",
    "time": "YEARLY",
    "geo": "MUNICIPAL",
    "acumular": "..",
    "derivado": "SI",
    "calculo": "ALOJATUR_POBLACION_TUR_ETC/POBLACION*1000",
    "espacial": "NO",
    "categoria": "082"
  },
  {
    "titulo": "Población turística equivalente en alojamientos turísticos por superficie",
    "Indicador": "ALOJATUR_POBLACION_TUR_ETC",
    "time": "YEARLY",
    "geo": "MUNICIPAL",
    "acumular": "..",
    "derivado": "SI",
    "calculo": "ALOJATUR_POBLACION_TUR_ETC/SUPERFICIE",
    "espacial": "NO",
    "categoria": "082"
  },
  {
    "titulo": "Índice de motorización",
    "Indicador": "PARQUE_VEHICULOS",
    "time": "YEARLY",
    "geo": "MUNICIPAL",
    "acumular": "..",
    "derivado": "SI",
    "calculo": "PARQUE_VEHICULOS/POBLACION*1000",
    "espacial": "SI",
    "opespacial": "NO",
    "categoria": "083"
  },
  {
    "titulo": "Índice de motorización más población turística",
    "Indicador": "PARQUE_VEHICULOS",
    "time": "YEARLY",
    "geo": "MUNICIPAL",
    "acumular": "..",
    "derivado": "SI",
    "calculo": "PARQUE_VEHICULOS/(POBLACION+ALOJATUR_POBLACION_TUR_ETC)*1000",
    "espacial": "NO",
    "categoria": "083"
  },
  {
    "titulo": "Índice de motorización (turismos)",
    "Indicador": "PARQUE_VEHICULOS_TURISMOS",
    "time": "YEARLY",
    "geo": "MUNICIPAL",
    "acumular": "..",
    "derivado": "SI",
    "calculo": "PARQUE_VEHICULOS_TURISMOS/(POBLACION)*1000",
    "espacial": "SI",
    "opespacial": "NO",
    "categoria": "083"
  },
  {
    "titulo": "Índice de motorización (turismos) más población turística",
    "Indicador": "PARQUE_VEHICULOS_TURISMOS",
    "time": "YEARLY",
    "geo": "MUNICIPAL",
    "acumular": "..",
    "derivado": "SI",
    "calculo": "PARQUE_VEHICULOS_TURISMOS/(POBLACION+ALOJATUR_POBLACION_TUR_ETC)*1000",
    "espacial": "NO",
    "categoria": "083"
  },
  {
    "titulo": "Concentración de vehículos por superficie",
    "Indicador": "PARQUE_VEHICULOS",
    "time": "YEARLY",
    "geo": "MUNICIPAL",
    "acumular": "..",
    "derivado": "SI",
    "calculo": "PARQUE_VEHICULOS/SUPERFICIE",
    "espacial": "NO",
    "categoria": "083"
  },
  {
    "titulo": "Concentración de turismos por superficie",
    "Indicador": "PARQUE_VEHICULOS_TURISMOS",
    "time": "YEARLY",
    "geo": "MUNICIPAL",
    "acumular": "..",
    "derivado": "SI",
    "calculo": "PARQUE_VEHICULOS_TURISMOS/SUPERFICIE",
    "espacial": "NO",
    "categoria": "083"
  }
]